{"train/loss": 0.1804, "train/grad_norm": 1.6218262910842896, "train/learning_rate": 7.446808510638298e-06, "train/epoch": 5.0, "train/global_step": 470, "_timestamp": 1712171868.62799, "_runtime": 127.37089610099792, "_step": 5, "train_runtime": 119.1501, "train_samples_per_second": 31.305, "train_steps_per_second": 3.945, "total_flos": 974716207319040.0, "train_loss": 0.30883667722661445, "test/loss": 0.3325176239013672, "test/overall_precision": 0.7584162608511539, "test/overall_recall": 0.793531236154187, "test/overall_f1": 0.7755764858720363, "test/overall_accuracy": 0.9536420622965158, "test/ELIGION_f1": 0.9090909090909091, "test/ERSON_f1": 0.8370197904540163, "test/GE_f1": 0.9236641221374046, "test/ITY_f1": 0.7528344671201814, "test/OCATION_f1": 0.39999999999999997, "test/ORK_OF_ART_f1": 0.43283582089552236, "test/OUNTRY_f1": 0.8153034300791556, "test/ROFESSION_f1": 0.6861924686192469, "test/WARD_f1": 0.6141732283464567, "test/__f1": 0.7814364640883978, "test/runtime": 1.372, "test/samples_per_second": 67.784, "test/steps_per_second": 8.746, "_wandb": {"runtime": 127}}