{"train/loss": 0.0614, "train/grad_norm": 0.5352230072021484, "train/learning_rate": 7.446808510638298e-06, "train/epoch": 5.0, "train/global_step": 470, "_timestamp": 1712139761.4566634, "_runtime": 122.3849732875824, "_step": 4, "train_runtime": 118.5354, "train_samples_per_second": 31.467, "train_steps_per_second": 3.965, "total_flos": 974716207319040.0, "train_loss": 0.12353131314541431, "_wandb": {"runtime": 122}}