{"train/loss": 0.177, "train/grad_norm": 1.4193971157073975, "train/learning_rate": 7.446808510638298e-06, "train/epoch": 5.0, "train/global_step": 470, "_timestamp": 1712174343.9570084, "_runtime": 137.09864139556885, "_step": 9, "eval/loss": 0.3194587528705597, "eval/overall_precision": 0.7851441241685144, "eval/overall_recall": 0.816462992852202, "eval/overall_f1": 0.8004973437323386, "eval/overall_accuracy": 0.9593314486931508, "eval/ELIGION_f1": 0.6, "eval/ERSON_f1": 0.8688626476072094, "eval/GE_f1": 0.9438202247191012, "eval/ITY_f1": 0.730679156908665, "eval/OCATION_f1": 0.5882352941176471, "eval/ORK_OF_ART_f1": 0.576923076923077, "eval/OUNTRY_f1": 0.7658802177858438, "eval/ROFESSION_f1": 0.7193251533742331, "eval/WARD_f1": 0.5306122448979591, "eval/__f1": 0.8166137085792101, "eval/runtime": 1.3503, "eval/samples_per_second": 69.612, "eval/steps_per_second": 8.887, "train_runtime": 124.147, "train_samples_per_second": 30.045, "train_steps_per_second": 3.786, "total_flos": 974716207319040.0, "train_loss": 0.30629925017661236, "test/loss": 0.34088557958602905, "test/overall_precision": 0.7561747941735275, "test/overall_recall": 0.793531236154187, "test/overall_f1": 0.7744027672684033, "test/overall_accuracy": 0.9533505029398902, "test/ELIGION_f1": 0.9166666666666666, "test/ERSON_f1": 0.842781998831093, "test/GE_f1": 0.9076923076923077, "test/ITY_f1": 0.7667436489607391, "test/OCATION_f1": 0.4210526315789474, "test/ORK_OF_ART_f1": 0.406015037593985, "test/OUNTRY_f1": 0.8233766233766233, "test/ROFESSION_f1": 0.6766666666666667, "test/WARD_f1": 0.6779661016949152, "test/__f1": 0.7762376237623763, "test/runtime": 1.3513, "test/samples_per_second": 68.822, "test/steps_per_second": 8.88, "_wandb": {"runtime": 132}}