{"train/loss": 0.0956, "train/grad_norm": 0.9472644329071045, "train/learning_rate": 7.446808510638298e-06, "train/epoch": 5.0, "train/global_step": 470, "_timestamp": 1712170164.6625636, "_runtime": 126.8675606250763, "_step": 5, "train_runtime": 118.8085, "train_samples_per_second": 31.395, "train_steps_per_second": 3.956, "total_flos": 974716207319040.0, "train_loss": 0.17963145438660966, "test/loss": 0.19132250547409058, "test/overall_precision": 0.816941694169417, "test/overall_recall": 0.8225520602569782, "test/overall_f1": 0.8197372778452368, "test/overall_accuracy": 0.9625346226735993, "test/ELIGION_f1": 0.8571428571428571, "test/ERSON_f1": 0.8782505910165486, "test/GE_f1": 0.9224806201550387, "test/ITY_f1": 0.7933491686460807, "test/OCATION_f1": 0.4727272727272727, "test/ORK_OF_ART_f1": 0.4193548387096774, "test/OUNTRY_f1": 0.8264248704663213, "test/ROFESSION_f1": 0.7504655493482308, "test/WARD_f1": 0.6666666666666666, "test/__f1": 0.8288367978770456, "test/runtime": 1.3715, "test/samples_per_second": 67.811, "test/steps_per_second": 8.75, "_wandb": {"runtime": 127}}