{"train/loss": 0.0623, "train/grad_norm": 0.6412456035614014, "train/learning_rate": 7.446808510638298e-06, "train/epoch": 5.0, "train/global_step": 470, "_timestamp": 1712140001.3283799, "_runtime": 123.926433801651, "_step": 4, "train_runtime": 120.2337, "train_samples_per_second": 31.023, "train_steps_per_second": 3.909, "total_flos": 974716207319040.0, "train_loss": 0.12414334073979803, "_wandb": {"runtime": 124}}