{"train/loss": 0.058, "train/grad_norm": 1.8131208419799805, "train/learning_rate": 7.446808510638298e-06, "train/epoch": 5.0, "train/global_step": 470, "_timestamp": 1712166763.931311, "_runtime": 127.02851891517639, "_step": 5, "train_runtime": 118.9041, "train_samples_per_second": 31.37, "train_steps_per_second": 3.953, "total_flos": 974716207319040.0, "train_loss": 0.11552064266610652, "test/loss": 0.12426204979419708, "test/overall_precision": 0.8359847636119202, "test/overall_recall": 0.8265396544085069, "test/overall_f1": 0.8312353793026623, "test/overall_accuracy": 0.964381165265562, "test/ELIGION_f1": 0.9565217391304348, "test/ERSON_f1": 0.8841978287092884, "test/GE_f1": 0.9498069498069499, "test/ITY_f1": 0.7834549878345498, "test/OCATION_f1": 0.4489795918367347, "test/ORK_OF_ART_f1": 0.36641221374045807, "test/OUNTRY_f1": 0.8438709677419355, "test/ROFESSION_f1": 0.759469696969697, "test/WARD_f1": 0.6666666666666666, "test/__f1": 0.8453837597330367, "test/runtime": 1.3511, "test/samples_per_second": 68.834, "test/steps_per_second": 8.882, "_wandb": {"runtime": 127}}