{"train/loss": 0.1129, "train/grad_norm": 1.0279461145401, "train/learning_rate": 7.446808510638298e-06, "train/epoch": 5.0, "train/global_step": 470, "_timestamp": 1712168601.3963017, "_runtime": 127.4473626613617, "_step": 5, "train_runtime": 119.331, "train_samples_per_second": 31.258, "train_steps_per_second": 3.939, "total_flos": 974716207319040.0, "train_loss": 0.20074706584849256, "test/loss": 0.20951566100120544, "test/overall_precision": 0.8072814475692174, "test/overall_recall": 0.8203367301727957, "test/overall_f1": 0.8137567300296671, "test/overall_accuracy": 0.9604937071772195, "test/ELIGION_f1": 0.8571428571428571, "test/ERSON_f1": 0.8549253731343284, "test/GE_f1": 0.945736434108527, "test/ITY_f1": 0.7735849056603774, "test/OCATION_f1": 0.45614035087719296, "test/ORK_OF_ART_f1": 0.46875, "test/OUNTRY_f1": 0.8279569892473119, "test/ROFESSION_f1": 0.7297762478485371, "test/WARD_f1": 0.6890756302521008, "test/__f1": 0.8313760248171947, "test/runtime": 1.3508, "test/samples_per_second": 68.848, "test/steps_per_second": 8.884, "_wandb": {"runtime": 127}}