{"train/loss": 0.0602, "train/grad_norm": 0.5768436193466187, "train/learning_rate": 7.446808510638298e-06, "train/epoch": 5.0, "train/global_step": 470, "_timestamp": 1712171417.9069457, "_runtime": 126.91914772987366, "_step": 5, "train_runtime": 118.7398, "train_samples_per_second": 31.413, "train_steps_per_second": 3.958, "total_flos": 974716207319040.0, "train_loss": 0.1255130336639729, "test/loss": 0.12529976665973663, "test/overall_precision": 0.8324324324324325, "test/overall_recall": 0.818785999113868, "test/overall_f1": 0.8255528255528255, "test/overall_accuracy": 0.9642353855872491, "test/ELIGION_f1": 0.8181818181818182, "test/ERSON_f1": 0.8784029038112523, "test/GE_f1": 0.933852140077821, "test/ITY_f1": 0.7756097560975609, "test/OCATION_f1": 0.42307692307692313, "test/ORK_OF_ART_f1": 0.37606837606837606, "test/OUNTRY_f1": 0.8324742268041236, "test/ROFESSION_f1": 0.7473982970671712, "test/WARD_f1": 0.6608695652173913, "test/__f1": 0.8422691879866518, "test/runtime": 1.3688, "test/samples_per_second": 67.941, "test/steps_per_second": 8.767, "_wandb": {"runtime": 127}}